{
  "scf_dipole_moment": {
    "dims": [
      3
    ],
    "size": 3,
    "vals": [
      -1.356869850350561e-05,
      -1.1268387119292689e-08,
      -0.7794951563169286
    ]
  },
  "scf_energy": -76.06744080738922,
  "scf_k": 8,
  "scf_threshold": 1e-06,
  "time": "2023-04-12 22:33:24",
  "wall_time": 46.48511600494385
}