{
  "scf_dipole_moment": {
    "dims": [
      3
    ],
    "size": 3,
    "vals": [
      -2.3977424112706564e-08,
      -5.018443976091838e-10,
      -3.235769012071988e-07
    ]
  },
  "scf_energy": -198.77343493022215,
  "scf_k": 10,
  "scf_threshold": 1e-07,
  "time": "2023-04-13 07:56:36",
  "wall_time": 119.61160492897034
}