{
  "calcinfo_nalpha": 9,
  "calcinfo_natom": 2,
  "calcinfo_nbeta": 9,
  "calcinfo_nmo": 18,
  "molecule": {
    "geometry": [
      [
        0.0,
        0.0,
        -1.3340521652434987
      ],
      [
        0.0,
        0.0,
        1.3340521652434987
      ]
    ],
    "symbols": [
      "F",
      "F"
    ]
  },
  "parameters": {
    "charge": 0.0,
    "conv_only_dens": false,
    "dconv": 1e-06,
    "derivatives": false,
    "dipole": false,
    "econv": 1e-05,
    "ginitial_hessian": false,
    "gmaxiter": 20,
    "gopt": false,
    "gprec": 0.0001,
    "gtest": false,
    "gtol": 0.0001,
    "gval": 1e-05,
    "k": -1,
    "l": 50.0,
    "lo": 0.0002353,
    "loadbalparts": 2,
    "maxiter": 20,
    "maxrotn": 0.25,
    "maxsub": 10,
    "nalpha": 9,
    "nbeta": 9,
    "nio": 1,
    "nmo_alpha": 9,
    "nmo_beta": 9,
    "no_compute": false,
    "nopen": 0,
    "npt_plot": 101,
    "nv_factor": 1,
    "nvalpha": 0,
    "nvbeta": 0,
    "orbitalshift": 0.0,
    "plot_cell": [],
    "plotcoul": false,
    "plotdens": false,
    "plothi": -1,
    "plotlo": 0,
    "print_level": 3,
    "protocol": [
      0.0001,
      1e-06,
      1e-07
    ],
    "psp_calc": false,
    "pure_ae": true,
    "restart": false,
    "restartao": false,
    "save": true,
    "smear": 0.0,
    "spin_restricted": true,
    "vnucextra": 2
  },
  "precision": {
    "dconv": 1e-06,
    "econv": 1e-05,
    "eprec": 1e-06,
    "k": 10,
    "thresh": 1e-07
  },
  "return_energy": -198.77343493022215,
  "scf_e_data": {
    "e_coulomb": [
      129.07640320135846,
      129.42729903263103,
      129.42314903090997,
      129.42779466692804,
      129.43512370633692,
      129.43473450884602,
      129.43462989876184,
      129.43448692635474,
      129.43543053133305,
      129.4359704531938,
      129.43582201668943,
      129.4358189965645,
      129.4358221958779,
      129.43581690833446,
      129.43581129726027,
      129.43580701017484,
      129.435808649334,
      129.4358044317159,
      129.43580173148408,
      129.43579114331988,
      129.43579286182887
    ],
    "e_kinetic": [
      197.9637535761272,
      198.33911776472826,
      198.4961489206457,
      198.5592831008035,
      198.57040411022317,
      198.56600772241114,
      198.5642153780846,
      198.56453333107353,
      198.57507147376387,
      198.5791114325259,
      198.58024893555364,
      198.58048921175913,
      198.5805795809941,
      198.5805688899878,
      198.58055045665688,
      198.5805333935357,
      198.5805440076669,
      198.5805360739285,
      198.58053689030803,
      198.58051646850478,
      198.5805168318042
    ],
    "e_local": [
      0.0,
      0.0,
      0.0,
      0.0,
      0.0,
      0.0,
      0.0,
      0.0,
      0.0,
      0.0,
      0.0,
      0.0,
      0.0,
      0.0,
      0.0,
      0.0,
      0.0,
      0.0,
      0.0,
      0.0,
      0.0
    ],
    "e_nrep": [
      30.358632934423305,
      30.358632934423305,
      30.358632934423305,
      30.358632934423305,
      30.358632934423305,
      30.358632934423305,
      30.358632934423305,
      30.358632934423305,
      30.358632934423305,
      30.358632934423305,
      30.358632934423305,
      30.358632934423305,
      30.358632934423305,
      30.358632934423305,
      30.358632934423305,
      30.358632934423305,
      30.358632934423305,
      30.358632934423305,
      30.358632934423305,
      30.358632934423305,
      30.358632934423305
    ],
    "e_nuclear": [
      -536.1266864564309,
      -536.9455833787612,
      -537.1006086193156,
      -537.1648105398899,
      -537.1813307652822,
      -537.1763679237405,
      -537.1744396589693,
      -537.174475133028,
      -537.1862457896295,
      -537.1906456028133,
      -537.1916126537675,
      -537.1918452516986,
      -537.1919351985825,
      -537.1919205525189,
      -537.1918972805117,
      -537.1918759511136,
      -537.1918887178865,
      -537.1918763872773,
      -537.1918763863823,
      -537.1918489415773,
      -537.1918509879101
    ],
    "e_pcm": [
      0.0,
      0.0,
      0.0,
      0.0,
      0.0,
      0.0,
      0.0,
      0.0,
      0.0,
      0.0,
      0.0,
      0.0,
      0.0,
      0.0,
      0.0,
      0.0,
      0.0,
      0.0,
      0.0,
      0.0,
      0.0
    ],
    "e_tot": [
      -198.63188491884873,
      -198.7648583677358,
      -198.77192925835638,
      -198.77266962014116,
      -198.7727481179884,
      -198.77276060624484,
      -198.77275774584882,
      -198.77262597229694,
      -198.77343015943444,
      -198.77343235764576,
      -198.77343089656614,
      -198.7734326256812,
      -198.77343198523002,
      -198.7734327030027,
      -198.7734326694494,
      -198.77343205317837,
      -198.7734327845613,
      -198.77343210096157,
      -198.77343309769103,
      -198.77343483149824,
      -198.77343493022215
    ],
    "e_xc": [
      -19.90398817432681,
      -19.944324720757223,
      -19.94925152501976,
      -19.953569782406063,
      -19.955578103689685,
      -19.95576784818482,
      -19.955796298149295,
      -19.955804031120593,
      -19.956319309325085,
      -19.956501574975427,
      -19.956522129465007,
      -19.95652851672952,
      -19.95653149794281,
      -19.956530883229355,
      -19.95653007727808,
      -19.956529440198576,
      -19.95652965809899,
      -19.956529153752015,
      -19.956528267524124,
      -19.956526436168932,
      -19.956526570368375
    ],
    "iterations": 21
  },
  "scf_eigenvalues_a": {
    "dims": [
      9
    ],
    "size": 9,
    "vals": [
      -26.42661662404177,
      -26.426616711051388,
      -1.5382080224619497,
      -1.5382079510516684,
      -0.9399764478052384,
      -0.7391937900876884,
      -0.7391937184533255,
      -0.7391937238709092,
      -0.7391937977797403
    ]
  },
  "time": "2023-04-13 07:56:36",
  "wall_time": 119.6121039390564
}