{
    "calcinfo_nalpha": 9,
    "calcinfo_natom": 1,
    "calcinfo_nbeta": 9,
    "calcinfo_nmo": 18,
    "molecule": {
        "geometry": [
            [
                0.0,
                0.0,
                0.0
            ]
        ],
        "symbols": [
            "Ar"
        ]
    },
    "parameters": {
        "charge": 0.0,
        "conv_only_dens": false,
        "dconv": 0.0001,
        "derivatives": false,
        "dipole": false,
        "econv": 1e-05,
        "ginitial_hessian": false,
        "gmaxiter": 20,
        "gopt": false,
        "gprec": 0.0001,
        "gtest": false,
        "gtol": 0.0001,
        "gval": 1e-05,
        "k": -1,
        "l": 50.0,
        "lo": 7.4114e-05,
        "loadbalparts": 2,
        "maxiter": 20,
        "maxrotn": 0.25,
        "maxsub": 10,
        "nalpha": 9,
        "nbeta": 9,
        "nio": 1,
        "nmo_alpha": 9,
        "nmo_beta": 9,
        "no_compute": false,
        "nopen": 0,
        "npt_plot": 101,
        "nv_factor": 1,
        "nvalpha": 0,
        "nvbeta": 0,
        "orbitalshift": 0.0,
        "plot_cell": [],
        "plotcoul": false,
        "plotdens": false,
        "plothi": -1,
        "plotlo": 0,
        "print_level": 3,
        "protocol": [
            0.0001,
            1e-06
        ],
        "psp_calc": false,
        "pure_ae": true,
        "restart": false,
        "restartao": false,
        "save": true,
        "smear": 0.0,
        "spin_restricted": true,
        "vnucextra": 2
    },
    "precision": {
        "dconv": 0.0001,
        "econv": 1e-05,
        "eprec": 1e-06,
        "k": 8,
        "thresh": 1e-06
    },
    "return_energy": -526.8175024300929,
    "scf_e_data": {
        "e_coulomb": [
            231.58251053883828,
            231.5959129822212,
            231.598328772122,
            231.60718566108307,
            231.60777920314183,
            231.60613435277344,
            231.60595651465232,
            231.6076108866652
        ],
        "e_kinetic": [
            526.3039173912002,
            526.5824419656402,
            526.745954493339,
            526.7919926150694,
            526.8100442039172,
            526.8130445392609,
            526.813298167456,
            526.8152140129856
        ],
        "e_local": [
            0.0,
            0.0,
            0.0,
            0.0,
            0.0,
            0.0,
            0.0,
            0.0
        ],
        "e_nrep": [
            0.0,
            0.0,
            0.0,
            0.0,
            0.0,
            0.0,
            0.0,
            0.0
        ],
        "e_nuclear": [
            -1254.4881390062199,
            -1254.8159912777965,
            -1254.9783843290272,
            -1255.031848699282,
            -1255.0500646137523,
            -1255.0513849971856,
            -1255.051406717711,
            -1255.055483325514
        ],
        "e_pcm": [
            0.0,
            0.0,
            0.0,
            0.0,
            0.0,
            0.0,
            0.0,
            0.0
        ],
        "e_tot": [
            -526.7677613275035,
            -526.8161313069495,
            -526.8167148196542,
            -526.8167672188467,
            -526.8167850501283,
            -526.8167655468601,
            -526.8166842227292,
            -526.8175024300929
        ],
        "e_xc": [
            -30.16605025132214,
            -30.178494977014417,
            -30.182613756087918,
            -30.184096795717217,
            -30.184543843434984,
            -30.1845594417089,
            -30.184532187126596,
            -30.184844004229817
        ],
        "iterations": 8
    },
    "scf_eigenvalues_a": {
        "dims": [
            9
        ],
        "size": 9,
        "vals": [
            -118.60710931732194,
            -12.320312108007919,
            -9.570100504738068,
            -9.570018993060156,
            -9.57315214599538,
            -1.278772174906102,
            -0.5926341518583378,
            -0.5926341682143073,
            -0.5926342314431272
        ]
    },
    "time": "2023-04-14 08:42:40",
    "wall_time": 51.601733922958374
}