{
    "scf_dipole_moment": {
        "dims": [
            3
        ],
        "size": 3,
        "vals": [
            -1.798441709331813e-15,
            -1.1876399315655198e-15,
            8.682605655910099e-15
        ]
    },
    "scf_energy": -2.8616792350811924,
    "scf_k": 8,
    "scf_threshold": 1e-06,
    "time": "2023-04-14 08:42:01",
    "wall_time": 10.013190031051636
}