{
    "calcinfo_nalpha": 1,
    "calcinfo_natom": 1,
    "calcinfo_nbeta": 1,
    "calcinfo_nmo": 2,
    "molecule": {
        "geometry": [
            [
                0.0,
                0.0,
                0.0
            ]
        ],
        "symbols": [
            "He"
        ]
    },
    "parameters": {
        "charge": 0.0,
        "conv_only_dens": false,
        "dconv": 0.0001,
        "derivatives": false,
        "dipole": false,
        "econv": 1e-05,
        "ginitial_hessian": false,
        "gmaxiter": 20,
        "gopt": false,
        "gprec": 0.0001,
        "gtest": false,
        "gtol": 0.0001,
        "gval": 1e-05,
        "k": -1,
        "l": 50.0,
        "lo": 0.002886,
        "loadbalparts": 2,
        "maxiter": 20,
        "maxrotn": 0.25,
        "maxsub": 10,
        "nalpha": 1,
        "nbeta": 1,
        "nio": 1,
        "nmo_alpha": 1,
        "nmo_beta": 1,
        "no_compute": false,
        "nopen": 0,
        "npt_plot": 101,
        "nv_factor": 1,
        "nvalpha": 0,
        "nvbeta": 0,
        "orbitalshift": 0.0,
        "plot_cell": [],
        "plotcoul": false,
        "plotdens": false,
        "plothi": -1,
        "plotlo": 0,
        "print_level": 3,
        "protocol": [
            0.0001,
            1e-06
        ],
        "psp_calc": false,
        "pure_ae": true,
        "restart": false,
        "restartao": false,
        "save": true,
        "smear": 0.0,
        "spin_restricted": true,
        "vnucextra": 2
    },
    "precision": {
        "dconv": 0.0001,
        "econv": 1e-05,
        "eprec": 1e-06,
        "k": 8,
        "thresh": 1e-06
    },
    "return_energy": -2.8616792350811924,
    "scf_e_data": {
        "e_coulomb": [
            2.0186570095509557,
            2.040491618114855,
            2.049902721002532,
            2.051247456211941,
            2.051525380968485,
            2.051522742380098,
            2.051516226028234
        ],
        "e_kinetic": [
            2.762847321466645,
            2.8228665512486044,
            2.8548423804198264,
            2.8605478273572555,
            2.861758037087217,
            2.861760398222205,
            2.8616435095983577
        ],
        "e_local": [
            0.0,
            0.0,
            0.0,
            0.0,
            0.0,
            0.0,
            0.0
        ],
        "e_nrep": [
            0.0,
            0.0,
            0.0,
            0.0,
            0.0,
            0.0,
            0.0
        ],
        "e_nuclear": [
            -6.6264970585291625,
            -6.704532510116783,
            -6.741413273430124,
            -6.747798019062566,
            -6.749147202521851,
            -6.749146957133457,
            -6.749080853961754
        ],
        "e_pcm": [
            0.0,
            0.0,
            0.0,
            0.0,
            0.0,
            0.0,
            0.0
        ],
        "e_tot": [
            -2.8543215338295265,
            -2.8614206120994585,
            -2.8616199983767396,
            -2.861626929042669,
            -2.8616269405211527,
            -2.861625191448721,
            -2.8616792350811924
        ],
        "e_xc": [
            -1.0093288063179648,
            -1.020246271346135,
            -1.0249518263689736,
            -1.0256241935492996,
            -1.025763156055004,
            -1.0257613749175671,
            -1.0257581167460301
        ],
        "iterations": 7
    },
    "scf_eigenvalues_a": {
        "dims": [
            1
        ],
        "size": 1,
        "vals": [
            -0.9179605629010312
        ]
    },
    "time": "2023-04-14 08:42:01",
    "wall_time": 10.013698101043701
}