{
    "calcinfo_nalpha": 1,
    "calcinfo_natom": 1,
    "calcinfo_nbeta": 1,
    "calcinfo_nmo": 2,
    "molecule": {
        "geometry": [
            [
                0.0,
                0.0,
                0.0
            ]
        ],
        "symbols": [
            "He"
        ]
    },
    "parameters": {
        "charge": 0.0,
        "conv_only_dens": false,
        "dconv": 0.0001,
        "derivatives": false,
        "dipole": false,
        "econv": 1e-05,
        "ginitial_hessian": false,
        "gmaxiter": 20,
        "gopt": false,
        "gprec": 0.0001,
        "gtest": false,
        "gtol": 0.0001,
        "gval": 1e-05,
        "k": -1,
        "l": 50.0,
        "lo": 0.002886,
        "loadbalparts": 2,
        "maxiter": 20,
        "maxrotn": 0.25,
        "maxsub": 10,
        "nalpha": 1,
        "nbeta": 1,
        "nio": 1,
        "nmo_alpha": 1,
        "nmo_beta": 1,
        "no_compute": false,
        "nopen": 0,
        "npt_plot": 101,
        "nv_factor": 1,
        "nvalpha": 0,
        "nvbeta": 0,
        "orbitalshift": 0.0,
        "plot_cell": [],
        "plotcoul": false,
        "plotdens": false,
        "plothi": -1,
        "plotlo": 0,
        "print_level": 3,
        "protocol": [
            0.0001,
            1e-06
        ],
        "psp_calc": false,
        "pure_ae": true,
        "restart": false,
        "restartao": false,
        "save": true,
        "smear": 0.0,
        "spin_restricted": true,
        "vnucextra": 2
    },
    "precision": {
        "dconv": 0.0001,
        "econv": 1e-05,
        "eprec": 1e-06,
        "k": 8,
        "thresh": 1e-06
    },
    "return_energy": -2.861679235081189,
    "scf_e_data": {
        "e_coulomb": [
            2.018657010376418,
            2.040491618344561,
            2.049902721020424,
            2.05124745621414,
            2.051525380968091,
            2.051522742379701,
            2.0515162260281206
        ],
        "e_kinetic": [
            2.7628473236353073,
            2.8228665519276097,
            2.8548423804932623,
            2.8605478273676153,
            2.8617580370860356,
            2.861760398221026,
            2.861643509597986
        ],
        "e_local": [
            0.0,
            0.0,
            0.0,
            0.0,
            0.0,
            0.0,
            0.0
        ],
        "e_nrep": [
            0.0,
            0.0,
            0.0,
            0.0,
            0.0,
            0.0,
            0.0
        ],
        "e_nuclear": [
            -6.626497061150093,
            -6.704532510915743,
            -6.741413273512645,
            -6.747798019074027,
            -6.749147202520472,
            -6.749146957132066,
            -6.749080853961321
        ],
        "e_pcm": [
            0.0,
            0.0,
            0.0,
            0.0,
            0.0,
            0.0,
            0.0
        ],
        "e_tot": [
            -2.854321533869063,
            -2.861420612104561,
            -2.8616199983768795,
            -2.8616269290426724,
            -2.861626940521151,
            -2.8616251914487063,
            -2.861679235081189
        ],
        "e_xc": [
            -1.0093288067306956,
            -1.020246271460989,
            -1.024951826377921,
            -1.0256241935504002,
            -1.0257631560548055,
            -1.0257613749173675,
            -1.025758116745974
        ],
        "iterations": 7
    },
    "scf_eigenvalues_a": {
        "dims": [
            1
        ],
        "size": 1,
        "vals": [
            -0.9179605629010616
        ]
    },
    "time": "2023-04-12 16:57:21",
    "wall_time": 14.804564952850342
}