{
    "calcinfo_nalpha": 9,
    "calcinfo_natom": 2,
    "calcinfo_nbeta": 9,
    "calcinfo_nmo": 18,
    "molecule": {
        "geometry": [
            [
                0.0,
                0.0,
                -1.3340521652434987
            ],
            [
                0.0,
                0.0,
                1.3340521652434987
            ]
        ],
        "symbols": [
            "F",
            "F"
        ]
    },
    "parameters": {
        "charge": 0.0,
        "conv_only_dens": false,
        "dconv": 0.0001,
        "derivatives": false,
        "dipole": false,
        "econv": 1e-05,
        "ginitial_hessian": false,
        "gmaxiter": 20,
        "gopt": false,
        "gprec": 0.0001,
        "gtest": false,
        "gtol": 0.0001,
        "gval": 1e-05,
        "k": -1,
        "l": 50.0,
        "lo": 0.0002353,
        "loadbalparts": 2,
        "maxiter": 20,
        "maxrotn": 0.25,
        "maxsub": 10,
        "nalpha": 9,
        "nbeta": 9,
        "nio": 1,
        "nmo_alpha": 9,
        "nmo_beta": 9,
        "no_compute": false,
        "nopen": 0,
        "npt_plot": 101,
        "nv_factor": 1,
        "nvalpha": 0,
        "nvbeta": 0,
        "orbitalshift": 0.0,
        "plot_cell": [],
        "plotcoul": false,
        "plotdens": false,
        "plothi": -1,
        "plotlo": 0,
        "print_level": 3,
        "protocol": [
            0.0001,
            1e-06
        ],
        "psp_calc": false,
        "pure_ae": true,
        "restart": false,
        "restartao": false,
        "save": true,
        "smear": 0.0,
        "spin_restricted": true,
        "vnucextra": 2
    },
    "precision": {
        "dconv": 0.0001,
        "econv": 1e-05,
        "eprec": 1e-06,
        "k": 8,
        "thresh": 1e-06
    },
    "return_energy": -198.77343235764687,
    "scf_e_data": {
        "e_coulomb": [
            129.0764032013584,
            129.4272990326298,
            129.42314903091108,
            129.42779466692647,
            129.43512370624288,
            129.43473450908843,
            129.43462990671702,
            129.4344869343103,
            129.4354305529329,
            129.4359704577742
        ],
        "e_kinetic": [
            197.96375357612715,
            198.33911776472678,
            198.49614892064756,
            198.55928310079452,
            198.57040411004868,
            198.56600772275837,
            198.56421539028912,
            198.56453334326565,
            198.5750715108112,
            198.5791114365002
        ],
        "e_local": [
            0.0,
            0.0,
            0.0,
            0.0,
            0.0,
            0.0,
            0.0,
            0.0,
            0.0,
            0.0
        ],
        "e_nrep": [
            30.358632934423305,
            30.358632934423305,
            30.358632934423305,
            30.358632934423305,
            30.358632934423305,
            30.358632934423305,
            30.358632934423305,
            30.358632934423305,
            30.358632934423305,
            30.358632934423305
        ],
        "e_nuclear": [
            -536.1266864564309,
            -536.9455833787586,
            -537.1006086193181,
            -537.1648105398829,
            -537.1813307650475,
            -537.1763679242756,
            -537.1744396776196,
            -537.1744751516703,
            -537.1862458456378,
            -537.190645611105
        ],
        "e_pcm": [
            0.0,
            0.0,
            0.0,
            0.0,
            0.0,
            0.0,
            0.0,
            0.0,
            0.0,
            0.0
        ],
        "e_tot": [
            -198.63188491884884,
            -198.76485836773574,
            -198.77192925835615,
            -198.7726696201448,
            -198.77274811800314,
            -198.77276060623416,
            -198.7727577459386,
            -198.77262597238956,
            -198.77343015948136,
            -198.77343235764687
        ],
        "e_xc": [
            -19.90398817432681,
            -19.944324720757056,
            -19.94925152501996,
            -19.953569782406227,
            -19.955578103670476,
            -19.955767848228685,
            -19.95579629974845,
            -19.955804032718532,
            -19.956319312010947,
            -19.95650157523958
        ],
        "iterations": 10
    },
    "scf_eigenvalues_a": {
        "dims": [
            9
        ],
        "size": 9,
        "vals": [
            -26.426601948565597,
            -26.426602193333792,
            -1.5381983970561013,
            -1.5381980983528951,
            -0.9399630604330289,
            -0.7391837125641589,
            -0.7391835275445304,
            -0.7391835373081403,
            -0.7391837321836334
        ]
    },
    "time": "2023-04-14 08:42:50",
    "wall_time": 58.59086894989014
}