{
    "scf_dipole_moment": {
        "dims": [
            3
        ],
        "size": 3,
        "vals": [
            -6.702282116643242e-07,
            7.051603375096466e-07,
            -8.229415380082369e-07
        ]
    },
    "scf_energy": -198.77343235764687,
    "scf_k": 8,
    "scf_threshold": 1e-06,
    "time": "2023-04-14 08:42:50",
    "wall_time": 58.590250968933105
}