{
    "calcinfo_nalpha": 7,
    "calcinfo_natom": 2,
    "calcinfo_nbeta": 7,
    "calcinfo_nmo": 14,
    "molecule": {
        "geometry": [
            [
                0.0,
                0.0,
                -1.2182794390744343
            ],
            [
                0.0,
                0.0,
                0.9137095793058256
            ]
        ],
        "symbols": [
            "C",
            "O"
        ]
    },
    "parameters": {
        "charge": 0.0,
        "conv_only_dens": false,
        "dconv": 0.0001,
        "derivatives": false,
        "dipole": false,
        "econv": 1e-05,
        "ginitial_hessian": false,
        "gmaxiter": 20,
        "gopt": false,
        "gprec": 0.0001,
        "gtest": false,
        "gtol": 0.0001,
        "gval": 1e-05,
        "k": -1,
        "l": 50.0,
        "lo": 0.00028633,
        "loadbalparts": 2,
        "maxiter": 20,
        "maxrotn": 0.25,
        "maxsub": 10,
        "nalpha": 7,
        "nbeta": 7,
        "nio": 1,
        "nmo_alpha": 7,
        "nmo_beta": 7,
        "no_compute": false,
        "nopen": 0,
        "npt_plot": 101,
        "nv_factor": 1,
        "nvalpha": 0,
        "nvbeta": 0,
        "orbitalshift": 0.0,
        "plot_cell": [],
        "plotcoul": false,
        "plotdens": false,
        "plothi": -1,
        "plotlo": 0,
        "print_level": 3,
        "protocol": [
            0.0001,
            1e-06
        ],
        "psp_calc": false,
        "pure_ae": true,
        "restart": false,
        "restartao": false,
        "save": true,
        "smear": 0.0,
        "spin_restricted": true,
        "vnucextra": 2
    },
    "precision": {
        "dconv": 0.0001,
        "econv": 1e-05,
        "eprec": 1e-06,
        "k": 8,
        "thresh": 1e-06
    },
    "return_energy": -112.79090181396627,
    "scf_e_data": {
        "e_coulomb": [
            77.05976679692844,
            76.08802206039499,
            76.32054571466693,
            76.26717419736623,
            76.2522264913026,
            76.2599946446652,
            76.26150339129639,
            76.26155791593901,
            76.26148626281268,
            76.26311357879833
        ],
        "e_kinetic": [
            113.35525819024899,
            112.46694800550456,
            112.67873148682307,
            112.65028538789953,
            112.63955208304534,
            112.64037758476961,
            112.63874706588106,
            112.63739753505715,
            112.6376666719318,
            112.63961277396429
        ],
        "e_local": [
            0.0,
            0.0,
            0.0,
            0.0,
            0.0,
            0.0,
            0.0,
            0.0,
            0.0,
            0.0
        ],
        "e_nrep": [
            22.51418726184018,
            22.51418726184018,
            22.51418726184018,
            22.51418726184018,
            22.51418726184018,
            22.51418726184018,
            22.51418726184018,
            22.51418726184018,
            22.51418726184018,
            22.51418726184018
        ],
        "e_nuclear": [
            -312.1621164665122,
            -310.5490121351942,
            -310.9703822501856,
            -310.8924917881778,
            -310.8666554697739,
            -310.87372622462317,
            -310.8732727713713,
            -310.8719448010726,
            -310.8719566442709,
            -310.87608184780555
        ],
        "e_pcm": [
            0.0,
            0.0,
            0.0,
            0.0,
            0.0,
            0.0,
            0.0,
            0.0,
            0.0,
            0.0
        ],
        "e_tot": [
            -112.63983440797766,
            -112.77748503542678,
            -112.78896490654544,
            -112.7901087217494,
            -112.79031245902009,
            -112.7903658511032,
            -112.79041863458404,
            -112.79041055244993,
            -112.79005849822111,
            -112.79090181396627
        ],
        "e_xc": [
            -13.40693019048309,
            -13.297630227972332,
            -13.332047119690046,
            -13.329263780677566,
            -13.329622825434301,
            -13.33119911775503,
            -13.331583582230342,
            -13.331608464213692,
            -13.331442050534896,
            -13.331733580763522
        ],
        "iterations": 10
    },
    "scf_eigenvalues_a": {
        "dims": [
            7
        ],
        "size": 7,
        "vals": [
            -20.653384934161522,
            -11.344893178671427,
            -1.4577951373113653,
            -0.8648298955214777,
            -0.6404175042683662,
            -0.6404175161339396,
            -0.5851163738217242
        ]
    },
    "time": "2023-04-14 08:42:30",
    "wall_time": 39.092878103256226
}