{
    "calcinfo_nalpha": 5,
    "calcinfo_natom": 1,
    "calcinfo_nbeta": 5,
    "calcinfo_nmo": 10,
    "molecule": {
        "geometry": [
            [
                0.0,
                0.0,
                0.0
            ]
        ],
        "symbols": [
            "Ne"
        ]
    },
    "parameters": {
        "charge": 0.0,
        "conv_only_dens": false,
        "dconv": 0.0001,
        "derivatives": false,
        "dipole": false,
        "econv": 1e-05,
        "ginitial_hessian": false,
        "gmaxiter": 20,
        "gopt": false,
        "gprec": 0.0001,
        "gtest": false,
        "gtol": 0.0001,
        "gval": 1e-05,
        "k": -1,
        "l": 50.0,
        "lo": 0.0001974,
        "loadbalparts": 2,
        "maxiter": 20,
        "maxrotn": 0.25,
        "maxsub": 10,
        "nalpha": 5,
        "nbeta": 5,
        "nio": 1,
        "nmo_alpha": 5,
        "nmo_beta": 5,
        "no_compute": false,
        "nopen": 0,
        "npt_plot": 101,
        "nv_factor": 1,
        "nvalpha": 0,
        "nvbeta": 0,
        "orbitalshift": 0.0,
        "plot_cell": [],
        "plotcoul": false,
        "plotdens": false,
        "plothi": -1,
        "plotlo": 0,
        "print_level": 3,
        "protocol": [
            0.0001,
            1e-06
        ],
        "psp_calc": false,
        "pure_ae": true,
        "restart": false,
        "restartao": false,
        "save": true,
        "smear": 0.0,
        "spin_restricted": true,
        "vnucextra": 2
    },
    "precision": {
        "dconv": 0.0001,
        "econv": 1e-05,
        "eprec": 1e-06,
        "k": 8,
        "thresh": 1e-06
    },
    "return_energy": -128.5470954827449,
    "scf_e_data": {
        "e_coulomb": [
            66.13644234425428,
            66.07690887107567,
            66.15151909273278,
            66.13610506189723,
            66.14439107855702,
            66.14693020333753,
            66.14687501742411,
            66.1472011665426
        ],
        "e_kinetic": [
            128.08631467679263,
            128.2636351231839,
            128.5053395218973,
            128.52494628678815,
            128.54246207524605,
            128.54978259985063,
            128.54986798593484,
            128.54814512897468
        ],
        "e_local": [
            0.0,
            0.0,
            0.0,
            0.0,
            0.0,
            0.0,
            0.0,
            0.0
        ],
        "e_nrep": [
            0.0,
            0.0,
            0.0,
            0.0,
            0.0,
            0.0,
            0.0,
            0.0
        ],
        "e_nuclear": [
            -310.5934578117275,
            -310.78637158059746,
            -311.09400512236755,
            -311.10058313237647,
            -311.1254723502989,
            -311.1351685142903,
            -311.1352073209258,
            -311.1340609204726
        ],
        "e_pcm": [
            0.0,
            0.0,
            0.0,
            0.0,
            0.0,
            0.0,
            0.0,
            0.0
        ],
        "e_tot": [
            -128.47155208495715,
            -128.54445623062992,
            -128.54677679386432,
            -128.54686300834135,
            -128.54687293378322,
            -128.5468749687485,
            -128.5468665918693,
            -128.5470954827449
        ],
        "e_xc": [
            -12.100851294276579,
            -12.09862864429201,
            -12.10963028612686,
            -12.107331224650261,
            -12.108253737287418,
            -12.108419257646391,
            -12.108402274302447,
            -12.108380857789577
        ],
        "iterations": 8
    },
    "scf_eigenvalues_a": {
        "dims": [
            5
        ],
        "size": 5,
        "vals": [
            -32.77154995213817,
            -1.93133018435688,
            -0.8504191881974474,
            -0.8504191248717134,
            -0.8504191392015477
        ]
    },
    "time": "2023-04-14 10:52:27",
    "wall_time": 29.915855884552002
}