{
    "calcinfo_nalpha": 2,
    "calcinfo_natom": 1,
    "calcinfo_nbeta": 2,
    "calcinfo_nmo": 4,
    "molecule": {
        "geometry": [
            [
                0.0,
                0.0,
                0.0
            ]
        ],
        "symbols": [
            "Be"
        ]
    },
    "parameters": {
        "charge": 0.0,
        "conv_only_dens": false,
        "dconv": 0.0001,
        "derivatives": false,
        "dipole": false,
        "econv": 1e-05,
        "ginitial_hessian": false,
        "gmaxiter": 20,
        "gopt": false,
        "gprec": 0.0001,
        "gtest": false,
        "gtol": 0.0001,
        "gval": 1e-05,
        "k": -1,
        "l": 50.0,
        "lo": 0.00090905,
        "loadbalparts": 2,
        "maxiter": 20,
        "maxrotn": 0.25,
        "maxsub": 10,
        "nalpha": 2,
        "nbeta": 2,
        "nio": 1,
        "nmo_alpha": 2,
        "nmo_beta": 2,
        "no_compute": false,
        "nopen": 0,
        "npt_plot": 101,
        "nv_factor": 1,
        "nvalpha": 0,
        "nvbeta": 0,
        "orbitalshift": 0.0,
        "plot_cell": [],
        "plotcoul": false,
        "plotdens": false,
        "plothi": -1,
        "plotlo": 0,
        "print_level": 3,
        "protocol": [
            0.0001,
            1e-06
        ],
        "psp_calc": false,
        "pure_ae": true,
        "restart": false,
        "restartao": false,
        "save": true,
        "smear": 0.0,
        "spin_restricted": true,
        "vnucextra": 2
    },
    "precision": {
        "dconv": 0.0001,
        "econv": 1e-05,
        "eprec": 1e-06,
        "k": 8,
        "thresh": 1e-06
    },
    "return_energy": -14.573022015477644,
    "scf_e_data": {
        "e_coulomb": [
            7.221917726786428,
            7.183567344946647,
            7.1565692231349445,
            7.155493975538974,
            7.1554705471010305,
            7.155460634033638,
            7.155852212469499
        ],
        "e_kinetic": [
            14.627978935657328,
            14.58624827539601,
            14.569147580315327,
            14.570710993012087,
            14.571516828108116,
            14.571524689063814,
            14.572487340393998
        ],
        "e_local": [
            0.0,
            0.0,
            0.0,
            0.0,
            0.0,
            0.0,
            0.0
        ],
        "e_nrep": [
            0.0,
            0.0,
            0.0,
            0.0,
            0.0,
            0.0,
            0.0
        ],
        "e_nuclear": [
            -33.74042039783457,
            -33.67156813932698,
            -33.63175530775376,
            -33.632413129064886,
            -33.63317682942266,
            -33.63317606825976,
            -33.63451411908366
        ],
        "e_pcm": [
            0.0,
            0.0,
            0.0,
            0.0,
            0.0,
            0.0,
            0.0
        ],
        "e_tot": [
            -14.565386652141628,
            -14.572351801502567,
            -14.572890800815644,
            -14.572895533966053,
            -14.572892659174336,
            -14.572888738168484,
            -14.573022015477644
        ],
        "e_xc": [
            -2.6748629167508144,
            -2.6705992825182436,
            -2.6668522965121597,
            -2.6666873734522256,
            -2.6667032049608244,
            -2.6666979930061787,
            -2.6668474492574807
        ],
        "iterations": 7
    },
    "scf_eigenvalues_a": {
        "dims": [
            2
        ],
        "size": 2,
        "vals": [
            -4.729152211524051,
            -0.3128564146539591
        ]
    },
    "time": "2023-04-14 08:42:02",
    "wall_time": 13.395849227905273
}