{
    "calcinfo_nalpha": 10,
    "calcinfo_natom": 2,
    "calcinfo_nbeta": 10,
    "calcinfo_nmo": 20,
    "molecule": {
        "geometry": [
            [
                0.0,
                0.0,
                -3.245784155758438
            ],
            [
                0.0,
                0.0,
                0.5727854392514891
            ]
        ],
        "symbols": [
            "Li",
            "Cl"
        ]
    },
    "parameters": {
        "charge": 0.0,
        "conv_only_dens": false,
        "dconv": 0.0001,
        "derivatives": false,
        "dipole": false,
        "econv": 1e-05,
        "ginitial_hessian": false,
        "gmaxiter": 20,
        "gopt": false,
        "gprec": 0.0001,
        "gtest": false,
        "gtol": 0.0001,
        "gval": 1e-05,
        "k": -1,
        "l": 50.0,
        "lo": 8.1521e-05,
        "loadbalparts": 2,
        "maxiter": 20,
        "maxrotn": 0.25,
        "maxsub": 10,
        "nalpha": 10,
        "nbeta": 10,
        "nio": 1,
        "nmo_alpha": 10,
        "nmo_beta": 10,
        "no_compute": false,
        "nopen": 0,
        "npt_plot": 101,
        "nv_factor": 1,
        "nvalpha": 0,
        "nvbeta": 0,
        "orbitalshift": 0.0,
        "plot_cell": [],
        "plotcoul": false,
        "plotdens": false,
        "plothi": -1,
        "plotlo": 0,
        "print_level": 3,
        "protocol": [
            0.0001,
            1e-06
        ],
        "psp_calc": false,
        "pure_ae": true,
        "restart": false,
        "restartao": false,
        "save": true,
        "smear": 0.0,
        "spin_restricted": true,
        "vnucextra": 2
    },
    "precision": {
        "dconv": 0.0001,
        "econv": 1e-05,
        "eprec": 1e-06,
        "k": 8,
        "thresh": 1e-06
    },
    "return_energy": -467.05615697364664,
    "scf_e_data": {
        "e_coulomb": [
            225.6868451087454,
            222.13629221279695,
            222.77772524248593,
            222.75918510925493,
            222.72652968878353,
            222.73004339286834,
            222.73189244508941,
            222.7317317317015,
            222.73201480867004,
            222.73498921006924
        ],
        "e_kinetic": [
            468.3575635192749,
            466.4423414286642,
            466.99733713712004,
            467.0884789099245,
            467.08144073746195,
            467.08268557894155,
            467.08234507855894,
            467.0829269854749,
            467.0684854373599,
            467.06723340941727
        ],
        "e_local": [
            0.0,
            0.0,
            0.0,
            0.0,
            0.0,
            0.0,
            0.0,
            0.0,
            0.0,
            0.0
        ],
        "e_nrep": [
            13.355786435487872,
            13.355786435487872,
            13.355786435487872,
            13.355786435487872,
            13.355786435487872,
            13.355786435487872,
            13.355786435487872,
            13.355786435487872,
            13.355786435487872,
            13.355786435487872
        ],
        "e_nuclear": [
            -1144.7189614335236,
            -1139.5804553845749,
            -1140.728009629101,
            -1140.7983448655136,
            -1140.7605891127378,
            -1140.7651439679764,
            -1140.7665088490908,
            -1140.766549847684,
            -1140.7540003786307,
            -1140.7555388776927
        ],
        "e_pcm": [
            0.0,
            0.0,
            0.0,
            0.0,
            0.0,
            0.0,
            0.0,
            0.0,
            0.0,
            0.0
        ],
        "e_tot": [
            -466.9523622153584,
            -467.0490507382289,
            -467.05365871516636,
            -467.0548008195349,
            -467.0549762332837,
            -467.05504092528633,
            -467.0550583925175,
            -467.0546548803732,
            -467.05615210348907,
            -467.05615697364664
        ],
        "e_xc": [
            -29.63359584534286,
            -29.403015430602974,
            -29.4564979011591,
            -29.459906408688596,
            -29.458143982279225,
            -29.458412364607625,
            -29.458573502562984,
            -29.458550185353424,
            -29.458438406376086,
            -29.458627150928194
        ],
        "iterations": 10
    },
    "scf_eigenvalues_a": {
        "dims": [
            10
        ],
        "size": 10,
        "vals": [
            -104.72485958138896,
            -10.299755983013675,
            -8.07644445384389,
            -7.919745396589462,
            -7.920072933732257,
            -2.476822428270137,
            -0.8051197493441924,
            -0.5816713229807351,
            -0.3816494059369884,
            -0.38164942085751763
        ]
    },
    "time": "2023-04-14 08:43:10",
    "wall_time": 78.39363288879395
}