{
    "calcinfo_nalpha": 6,
    "calcinfo_natom": 1,
    "calcinfo_nbeta": 6,
    "calcinfo_nmo": 12,
    "molecule": {
        "geometry": [
            [
                0.0,
                0.0,
                0.0
            ]
        ],
        "symbols": [
            "Mg"
        ]
    },
    "parameters": {
        "charge": 0.0,
        "conv_only_dens": false,
        "dconv": 0.0001,
        "derivatives": false,
        "dipole": false,
        "econv": 1e-05,
        "ginitial_hessian": false,
        "gmaxiter": 20,
        "gopt": false,
        "gprec": 0.0001,
        "gtest": false,
        "gtol": 0.0001,
        "gval": 1e-05,
        "k": -1,
        "l": 50.0,
        "lo": 0.00014567,
        "loadbalparts": 2,
        "maxiter": 20,
        "maxrotn": 0.25,
        "maxsub": 10,
        "nalpha": 6,
        "nbeta": 6,
        "nio": 1,
        "nmo_alpha": 6,
        "nmo_beta": 6,
        "no_compute": false,
        "nopen": 0,
        "npt_plot": 101,
        "nv_factor": 1,
        "nvalpha": 0,
        "nvbeta": 0,
        "orbitalshift": 0.0,
        "plot_cell": [],
        "plotcoul": false,
        "plotdens": false,
        "plothi": -1,
        "plotlo": 0,
        "print_level": 3,
        "protocol": [
            0.0001,
            1e-06
        ],
        "psp_calc": false,
        "pure_ae": true,
        "restart": false,
        "restartao": false,
        "save": true,
        "smear": 0.0,
        "spin_restricted": true,
        "vnucextra": 2
    },
    "precision": {
        "dconv": 0.0001,
        "econv": 1e-05,
        "eprec": 1e-06,
        "k": 8,
        "thresh": 1e-06
    },
    "return_energy": -199.6146319135498,
    "scf_e_data": {
        "e_coulomb": [
            95.71537037304196,
            95.86609000618387,
            95.82849477074882,
            95.81118785907637,
            95.810292625862,
            95.81021656247968,
            95.80983604830747
        ],
        "e_kinetic": [
            199.28382886617356,
            199.55411742122791,
            199.61466502825246,
            199.61212308826055,
            199.61320634308012,
            199.6132898923307,
            199.61277955719862
        ],
        "e_local": [
            0.0,
            0.0,
            0.0,
            0.0,
            0.0,
            0.0,
            0.0
        ],
        "e_nrep": [
            0.0,
            0.0,
            0.0,
            0.0,
            0.0,
            0.0,
            0.0
        ],
        "e_nuclear": [
            -478.62507731251486,
            -479.04077061634905,
            -479.06200494359007,
            -479.04326115798165,
            -479.04347300367704,
            -479.04347958208245,
            -479.0430339093797
        ],
        "e_pcm": [
            0.0,
            0.0,
            0.0,
            0.0,
            0.0,
            0.0,
            0.0
        ],
        "e_tot": [
            -199.59119523650713,
            -199.61389769061498,
            -199.61423090711847,
            -199.61424836460847,
            -199.61425174870536,
            -199.61423541180676,
            -199.6146319135498
        ],
        "e_xc": [
            -15.965317163207791,
            -15.993334501677735,
            -15.9953857625297,
            -15.994298153963731,
            -15.994277713970497,
            -15.994262284534718,
            -15.994213609676217
        ],
        "iterations": 7
    },
    "scf_eigenvalues_a": {
        "dims": [
            6
        ],
        "size": 6,
        "vals": [
            -49.02994445978898,
            -3.7643125534808313,
            -2.2822849745748615,
            -2.2822835658647858,
            -2.2823918773963374,
            -0.2582873139307108
        ]
    },
    "time": "2023-04-14 08:49:45",
    "wall_time": 31.749497890472412
}