{
    "calcinfo_nalpha": 9,
    "calcinfo_natom": 4,
    "calcinfo_nbeta": 9,
    "calcinfo_nmo": 18,
    "molecule": {
        "geometry": [
            [
                -0.26873566455051634,
                1.2752028728460336,
                2.3626483875399364e-11
            ],
            [
                0.7901051006755994,
                1.7823726637086528,
                1.5219859258526072
            ],
            [
                0.7901051047130317,
                1.7823726810516174,
                -1.5219859176655357
            ],
            [
                0.033437716273887017,
                -1.3879072727425006,
                -9.28050837211914e-10
            ]
        ],
        "symbols": [
            "N",
            "H",
            "H",
            "F"
        ]
    },
    "parameters": {
        "charge": 0.0,
        "conv_only_dens": false,
        "dconv": 1e-06,
        "derivatives": false,
        "dipole": false,
        "econv": 1e-05,
        "ginitial_hessian": false,
        "gmaxiter": 20,
        "gopt": false,
        "gprec": 0.0001,
        "gtest": false,
        "gtol": 0.0001,
        "gval": 1e-05,
        "k": -1,
        "l": 50.0,
        "lo": 0.0002353,
        "loadbalparts": 2,
        "maxiter": 20,
        "maxrotn": 0.25,
        "maxsub": 10,
        "nalpha": 9,
        "nbeta": 9,
        "nio": 1,
        "nmo_alpha": 9,
        "nmo_beta": 9,
        "no_compute": false,
        "nopen": 0,
        "npt_plot": 101,
        "nv_factor": 1,
        "nvalpha": 0,
        "nvbeta": 0,
        "orbitalshift": 0.0,
        "plot_cell": [],
        "plotcoul": false,
        "plotdens": false,
        "plothi": -1,
        "plotlo": 0,
        "print_level": 3,
        "protocol": [
            0.0001,
            1e-06,
            1e-07
        ],
        "psp_calc": false,
        "pure_ae": true,
        "restart": false,
        "restartao": false,
        "save": true,
        "smear": 0.0,
        "spin_restricted": true,
        "vnucextra": 2
    },
    "precision": {
        "dconv": 1e-06,
        "econv": 1e-05,
        "eprec": 1e-06,
        "k": 10,
        "thresh": 1e-07
    },
    "return_energy": -155.04146861923238,
    "scf_e_data": {
        "e_coulomb": [
            114.14620878180386,
            112.70269257013705,
            112.84745304783577,
            112.73749712548785,
            112.73922374591291,
            112.74709889715055,
            112.75293714820775,
            112.7617580378414,
            112.76883390369262,
            112.77030681767647,
            112.77035417357084,
            112.77022048339512,
            112.76967969258844,
            112.77109565032964,
            112.77072051270936,
            112.77110724098188,
            112.77122472227677,
            112.77118176422998,
            112.77121878844349,
            112.77123926063649,
            112.77124862343412,
            112.77125405159225,
            112.77125377377138,
            112.77125312155312,
            112.77125561587805,
            112.77125609274309,
            112.77125712763366,
            112.77125893761433,
            112.77125929200602,
            112.7712605949357,
            112.7712607202569,
            112.77125904762863,
            112.77125052099649,
            112.77125173292286
        ],
        "e_kinetic": [
            155.83204403494176,
            154.69232821443399,
            154.9275512881259,
            154.8939347521446,
            154.9104766370242,
            154.91124150782656,
            154.9075702821712,
            154.90906654892126,
            154.91127328278077,
            154.9128311717169,
            154.91371053028647,
            154.91428559725782,
            154.91416316327215,
            154.91609524365117,
            154.91610384646893,
            154.91643507621384,
            154.91627712122016,
            154.91613994413902,
            154.91621599923434,
            154.91630767924894,
            154.91635695376746,
            154.9163678423161,
            154.91636651132953,
            154.91635972898914,
            154.9163506580534,
            154.91634697054803,
            154.91635228580145,
            154.916350669901,
            154.91634830708455,
            154.91635059375918,
            154.9163495687256,
            154.91635028733378,
            154.91631424207085,
            154.91630867760492
        ],
        "e_local": [
            0.0,
            0.0,
            0.0,
            0.0,
            0.0,
            0.0,
            0.0,
            0.0,
            0.0,
            0.0,
            0.0,
            0.0,
            0.0,
            0.0,
            0.0,
            0.0,
            0.0,
            0.0,
            0.0,
            0.0,
            0.0,
            0.0,
            0.0,
            0.0,
            0.0,
            0.0,
            0.0,
            0.0,
            0.0,
            0.0,
            0.0,
            0.0,
            0.0,
            0.0
        ],
        "e_nrep": [
            36.121534344669946,
            36.121534344669946,
            36.121534344669946,
            36.121534344669946,
            36.121534344669946,
            36.121534344669946,
            36.121534344669946,
            36.121534344669946,
            36.121534344669946,
            36.121534344669946,
            36.121534344669946,
            36.121534344669946,
            36.121534344669946,
            36.121534344669946,
            36.121534344669946,
            36.121534344669946,
            36.121534344669946,
            36.121534344669946,
            36.121534344669946,
            36.121534344669946,
            36.121534344669946,
            36.121534344669946,
            36.121534344669946,
            36.121534344669946,
            36.121534344669946,
            36.121534344669946,
            36.121534344669946,
            36.121534344669946,
            36.121534344669946,
            36.121534344669946,
            36.121534344669946,
            36.121534344669946,
            36.121534344669946,
            36.121534344669946
        ],
        "e_nuclear": [
            -443.50584859470484,
            -441.23628237408184,
            -441.59774646829874,
            -441.46131910206975,
            -441.4756416333045,
            -441.4816981451917,
            -441.48326743612665,
            -441.49294508170806,
            -441.50197155397996,
            -441.50492990549947,
            -441.5058974090664,
            -441.50588364184756,
            -441.5066286463464,
            -441.5098043371367,
            -441.50948486947357,
            -441.5101709445722,
            -441.5101276260675,
            -441.5099580877295,
            -441.5100677246049,
            -441.51017638729223,
            -441.5102317515443,
            -441.5102469987969,
            -441.5102461100128,
            -441.51023827413763,
            -441.51023182482294,
            -441.5102290769264,
            -441.51023504204676,
            -441.51023536555465,
            -441.5102333250039,
            -441.51023678131924,
            -441.51023580736415,
            -441.5102358060598,
            -441.5101951717751,
            -441.5101912268876
        ],
        "e_pcm": [
            0.0,
            0.0,
            0.0,
            0.0,
            0.0,
            0.0,
            0.0,
            0.0,
            0.0,
            0.0,
            0.0,
            0.0,
            0.0,
            0.0,
            0.0,
            0.0,
            0.0,
            0.0,
            0.0,
            0.0,
            0.0,
            0.0,
            0.0,
            0.0,
            0.0,
            0.0,
            0.0,
            0.0,
            0.0,
            0.0,
            0.0,
            0.0,
            0.0,
            0.0
        ],