{
  "scf_dipole_moment": {
    "dims": [
      3
    ],
    "size": 3,
    "vals": [
      0.6546891324667672,
      0.7372640983778895,
      1.3666898819367475e-08
    ]
  },
  "scf_energy": -155.04146861923238,
  "scf_k": 10,
  "scf_threshold": 1e-07,
  "time": "2023-04-13 08:00:09",
  "wall_time": 232.54821705818176
}