{
  "calcinfo_nalpha": 5,
  "calcinfo_natom": 2,
  "calcinfo_nbeta": 5,
  "calcinfo_nmo": 10,
  "molecule": {
    "geometry": [
      [
        0.0,
        0.0,
        -0.17325009168097513
      ],
      [
        0.0,
        0.0,
        1.5592508251287762
      ]
    ],
    "symbols": [
      "F",
      "H"
    ]
  },
  "parameters": {
    "charge": 0.0,
    "conv_only_dens": false,
    "dconv": 1e-06,
    "derivatives": false,
    "dipole": false,
    "econv": 1e-05,
    "ginitial_hessian": false,
    "gmaxiter": 20,
    "gopt": false,
    "gprec": 0.0001,
    "gtest": false,
    "gtol": 0.0001,
    "gval": 1e-05,
    "k": -1,
    "l": 50.0,
    "lo": 0.0002353,
    "loadbalparts": 2,
    "maxiter": 20,
    "maxrotn": 0.25,
    "maxsub": 10,
    "nalpha": 5,
    "nbeta": 5,
    "nio": 1,
    "nmo_alpha": 5,
    "nmo_beta": 5,
    "no_compute": false,
    "nopen": 0,
    "npt_plot": 101,
    "nv_factor": 1,
    "nvalpha": 0,
    "nvbeta": 0,
    "orbitalshift": 0.0,
    "plot_cell": [],
    "plotcoul": false,
    "plotdens": false,
    "plothi": -1,
    "plotlo": 0,
    "print_level": 3,
    "protocol": [
      0.0001,
      1e-06,
      1e-07
    ],
    "psp_calc": false,
    "pure_ae": true,
    "restart": false,
    "restartao": false,
    "save": true,
    "smear": 0.0,
    "spin_restricted": true,
    "vnucextra": 2
  },
  "precision": {
    "dconv": 1e-06,
    "econv": 1e-05,
    "eprec": 1e-06,
    "k": 10,
    "thresh": 1e-07
  },
  "return_energy": -100.07080820470392,
  "scf_e_data": {
    "e_coulomb": [
      57.381853045006054,
      55.437115290079234,
      55.867328755597114,
      55.78809895386601,
      55.769946268140494,
      55.7693364843589,
      55.76499145127266,
      55.76426093059442,
      55.76421169224583,
      55.76431042072534,
      55.7648468404424,
      55.764623779105705,
      55.76464324949191,
      55.764633117275274,
      55.76460143456631,
      55.764593368513395,
      55.76459003657644,
      55.764589245964906,
      55.76458331776763,
      55.76458331564162
    ],
    "e_kinetic": [
      101.26821295233567,
      99.53807565924544,
      100.03972329806709,
      100.01788933545822,
      100.01686082500684,
      100.02338076952387,
      100.01901743377314,
      100.01821665871756,
      100.01840180185957,
      100.02378779221534,
      100.02629156072985,
      100.02692524300393,
      100.02713516884425,
      100.02713969526337,
      100.02706025605778,
      100.02704358996029,
      100.02704151663698,
      100.02704169364578,
      100.02703661806422,
      100.02703811096069
    ],
    "e_local": [
      0.0,
      0.0,
      0.0,
      0.0,
      0.0,
      0.0,
      0.0,
      0.0,
      0.0,
      0.0,
      0.0,
      0.0,
      0.0,
      0.0,
      0.0,
      0.0,
      0.0,
      0.0,
      0.0,
      0.0
    ],
    "e_nrep": [
      5.1948024458034405,
      5.1948024458034405,
      5.1948024458034405,
      5.1948024458034405,
      5.1948024458034405,
      5.1948024458034405,
      5.1948024458034405,
      5.1948024458034405,
      5.1948024458034405,
      5.1948024458034405,
      5.1948024458034405,
      5.1948024458034405,
      5.1948024458034405,
      5.1948024458034405,
      5.1948024458034405,
      5.1948024458034405,
      5.1948024458034405,
      5.1948024458034405,
      5.1948024458034405,
      5.1948024458034405
    ],
    "e_nuclear": [
      -253.17372736840443,
      -249.85869575768257,
      -250.73466095956599,
      -250.6423521239003,
      -250.62437002309247,
      -250.62933058243163,
      -250.62106544146263,
      -250.6196547070302,
      -250.61966346040245,
      -250.62539254946182,
      -250.62830454093398,
      -250.62872273603907,
      -250.62894634832296,
      -250.62894126262904,
      -250.62883429614755,
      -250.62881058302395,
      -250.62880522194428,
      -250.6288052201746,
      -250.6287953839936,
      -250.62879689346408
    ],
    "e_pcm": [
      0.0,
      0.0,
      0.0,
      0.0,
      0.0,
      0.0,
      0.0,
      0.0,
      0.0,
      0.0,
      0.0,
      0.0,
      0.0,
      0.0,
      0.0,
      0.0,
      0.0,
      0.0,
      0.0,
      0.0
    ],
    "e_tot": [
      -99.9497546093132,
      -100.06262771068978,
      -100.06929937976427,
      -100.07020446775994,
      -100.07040756479246,
      -100.07047845321793,
      -100.07049052288494,
      -100.07048797492978,
      -100.07035331083024,
      -100.07080648273696,
      -100.07080706852759,
      -100.0708059319791,
      -100.07080735801503,
      -100.07080724182998,
      -100.0708069030514,
      -100.07080721932621,
      -100.07080730210797,
      -100.07080768533329,
      -100.07080804624512,
      -100.07080820470392
    ],
    "e_xc": [
      -10.620895684053966,
      -10.373925348135336,
      -10.436492919665934,
      -10.428643078987303,
      -10.427647080650804,
      -10.42866757047251,
      -10.42823641227156,
      -10.428113303015,
      -10.428105790336627,
      -10.42831459201925,
      -10.428443374569298,
      -10.428434663853126,
      -10.428441873831675,
      -10.428441237543034,
      -10.428436743331407,
      -10.428436040579392,
      -10.42843607918056,
      -10.428435850572821,
      -10.428435043886813,
      -10.428435183645608
    ],
    "iterations": 20
  },
  "scf_eigenvalues_a": {
    "dims": [
      5
    ],
    "size": 5,
    "vals": [
      -26.29214371075421,
      -1.2353155521093542,
      -1.13456340228724,
      -0.6504357955705817,
      -0.6522727985673424
    ]
  },
  "time": "2023-04-12 22:34:06",
  "wall_time": 119.22321891784668
}