{
  "scf_dipole_moment": {
    "dims": [
      3
    ],
    "size": 3,
    "vals": [
      -2.514817104876423e-08,
      8.372680026130607e-08,
      0.7559597714848759
    ]
  },
  "scf_energy": -100.07080820470392,
  "scf_k": 10,
  "scf_threshold": 1e-07,
  "time": "2023-04-12 22:34:06",
  "wall_time": 119.22247195243835
}