{
    "calcinfo_nalpha": 14,
    "calcinfo_natom": 2,
    "calcinfo_nbeta": 14,
    "calcinfo_nmo": 28,
    "molecule": {
        "geometry": [
            [
                0.0,
                0.0,
                -2.7086254563612697
            ],
            [
                0.0,
                0.0,
                1.7526400011749392
            ]
        ],
        "symbols": [
            "Na",
            "Cl"
        ]
    },
    "parameters": {
        "charge": 0.0,
        "conv_only_dens": false,
        "dconv": 0.0001,
        "derivatives": false,
        "dipole": false,
        "econv": 1e-05,
        "ginitial_hessian": false,
        "gmaxiter": 20,
        "gopt": false,
        "gprec": 0.0001,
        "gtest": false,
        "gtol": 0.0001,
        "gval": 1e-05,
        "k": -1,
        "l": 50.0,
        "lo": 8.1521e-05,
        "loadbalparts": 2,
        "maxiter": 20,
        "maxrotn": 0.25,
        "maxsub": 10,
        "nalpha": 14,
        "nbeta": 14,
        "nio": 1,
        "nmo_alpha": 14,
        "nmo_beta": 14,
        "no_compute": false,
        "nopen": 0,
        "npt_plot": 101,
        "nv_factor": 1,
        "nvalpha": 0,
        "nvbeta": 0,
        "orbitalshift": 0.0,
        "plot_cell": [],
        "plotcoul": false,
        "plotdens": false,
        "plothi": -1,
        "plotlo": 0,
        "print_level": 3,
        "protocol": [
            0.0001,
            1e-06
        ],
        "psp_calc": false,
        "pure_ae": true,
        "restart": false,
        "restartao": false,
        "save": true,
        "smear": 0.0,
        "spin_restricted": true,
        "vnucextra": 2
    },
    "precision": {
        "dconv": 0.0001,
        "econv": 1e-05,
        "eprec": 1e-06,
        "k": 8,
        "thresh": 1e-06
    },
    "return_energy": -621.4605829615421,
    "scf_e_data": {
        "e_coulomb": [
            330.09385840613504,
            326.61054667682,
            327.46936588847245,
            327.5000530013159,
            327.47826964510983,
            327.4800351611624,
            327.4811070122917,
            327.4808144693231,
            327.4801491151044,
            327.48402758246067
        ],
        "e_kinetic": [
            622.3790920240715,
            620.6984045571494,
            621.3801137602077,
            621.4966185726223,
            621.5051009729137,
            621.5072514969642,
            621.5056712319914,
            621.5066723374845,
            621.4827949088068,
            621.4799583270706
        ],
        "e_local": [
            0.0,
            0.0,
            0.0,
            0.0,
            0.0,
            0.0,
            0.0,
            0.0,
            0.0,
            0.0
        ],
        "e_nrep": [
            41.91635798854102,
            41.91635798854102,
            41.91635798854102,
            41.91635798854102,
            41.91635798854102,
            41.91635798854102,
            41.91635798854102,
            41.91635798854102,
            41.91635798854102,
            41.91635798854102
        ],
        "e_nuclear": [
            -1573.889141127494,
            -1569.0513999269394,
            -1570.531040556136,
            -1570.674680669351,
            -1570.6630553543869,
            -1570.6669868653398,
            -1570.6665272441346,
            -1570.666609937025,
            -1570.6447168443572,
            -1570.6455564010284
        ],
        "e_pcm": [
            0.0,
            0.0,
            0.0,
            0.0,
            0.0,
            0.0,
            0.0,
            0.0,
            0.0,
            0.0
        ],
        "e_tot": [
            -621.339470462843,
            -621.4537863962348,
            -621.4580675293574,
            -621.4588228124297,
            -621.458986944544,
            -621.458968551827,
            -621.4590214637444,
            -621.4583665149526,
            -621.4605790319043,
            -621.4605829615421
        ],
        "e_xc": [
            -41.83963775409653,
            -41.62769569180574,
            -41.69286461044245,
            -41.697171705558084,
            -41.69566019672174,
            -41.69562633315472,
            -41.695630452433974,
            -41.69560137327609,
            -41.69516419999929,
            -41.695370458585735
        ],
        "iterations": 10
    },
    "scf_eigenvalues_a": {
        "dims": [
            14
        ],
        "size": 14,
        "vals": [
            -104.70080708827857,
            -40.49906130567676,
            -10.420209817253763,
            -7.899231245734686,
            -7.898484033764348,
            -7.895915540580855,
            -2.7911314690186373,
            -1.569758066183855,
            -1.5434221753088053,
            -1.5433531257037574,
            -0.7847045145330975,
            -0.5360810219742325,
            -0.35599115585339236,
            -0.35599136336323545
        ]
    },
    "time": "2023-04-14 10:15:31",
    "wall_time": 101.94697117805481
}