{
    "calcinfo_nalpha": 7,
    "calcinfo_natom": 2,
    "calcinfo_nbeta": 7,
    "calcinfo_nmo": 14,
    "molecule": {
        "geometry": [
            [
                0.0,
                0.0,
                1.0370817040765705
            ],
            [
                0.0,
                0.0,
                -1.0370817040765705
            ]
        ],
        "symbols": [
            "N",
            "N"
        ]
    },
    "parameters": {
        "charge": 0.0,
        "conv_only_dens": false,
        "dconv": 0.0001,
        "derivatives": false,
        "dipole": false,
        "econv": 1e-05,
        "ginitial_hessian": false,
        "gmaxiter": 20,
        "gopt": false,
        "gprec": 0.0001,
        "gtest": false,
        "gtol": 0.0001,
        "gval": 1e-05,
        "k": -1,
        "l": 50.0,
        "lo": 0.0003577,
        "loadbalparts": 2,
        "maxiter": 20,
        "maxrotn": 0.25,
        "maxsub": 10,
        "nalpha": 7,
        "nbeta": 7,
        "nio": 1,
        "nmo_alpha": 7,
        "nmo_beta": 7,
        "no_compute": false,
        "nopen": 0,
        "npt_plot": 101,
        "nv_factor": 1,
        "nvalpha": 0,
        "nvbeta": 0,
        "orbitalshift": 0.0,
        "plot_cell": [],
        "plotcoul": false,
        "plotdens": false,
        "plothi": -1,
        "plotlo": 0,
        "print_level": 3,
        "protocol": [
            0.0001,
            1e-06
        ],
        "psp_calc": false,
        "pure_ae": true,
        "restart": false,
        "restartao": false,
        "save": true,
        "smear": 0.0,
        "spin_restricted": true,
        "vnucextra": 2
    },
    "precision": {
        "dconv": 0.0001,
        "econv": 1e-05,
        "eprec": 1e-06,
        "k": 8,
        "thresh": 1e-06
    },
    "return_energy": -108.99318612558697,
    "scf_e_data": {
        "e_coulomb": [
            75.19230021192247,
            74.69837542566476,
            74.80255372826997,
            74.77454349123497,
            74.76731820772982,
            74.77018493763866,
            74.7696369810262,
            74.76957673327192,
            74.76995277839548,
            74.77059589467518
        ],
        "e_kinetic": [
            109.1192599272401,
            108.67517530687736,
            108.79492357331483,
            108.78888197510624,
            108.78547301984189,
            108.78173422419673,
            108.77819350585708,
            108.77854085331698,
            108.77143106933089,
            108.77007836860523
        ],
        "e_local": [
            0.0,
            0.0,
            0.0,
            0.0,
            0.0,
            0.0,
            0.0,
            0.0,
            0.0,
            0.0
        ],
        "e_nrep": [
            23.623982472832342,
            23.623982472832342,
            23.623982472832342,
            23.623982472832342,
            23.623982472832342,
            23.623982472832342,
            23.623982472832342,
            23.623982472832342,
            23.623982472832342,
            23.623982472832342
        ],
        "e_nuclear": [
            -303.6572672163748,
            -302.8944616495007,
            -303.10988942895045,
            -303.0761194739383,
            -303.0644759272279,
            -303.0629335971755,
            -303.0589137385472,
            -303.05891414429993,
            -303.05348048763693,
            -303.0528021382786
        ],
        "e_pcm": [
            0.0,
            0.0,
            0.0,
            0.0,
            0.0,
            0.0,
            0.0,
            0.0,
            0.0,
            0.0
        ],
        "e_tot": [
            -108.84902047611097,
            -108.97954926415893,
            -108.99165815869391,
            -108.99244481080619,
            -108.99260093379822,
            -108.99268425648386,
            -108.99267272017995,
            -108.9921848392976,
            -108.99318457271401,
            -108.99318612558697
        ],
        "e_xc": [
            -13.127295871731047,
            -13.082620820032645,
            -13.103228504160587,
            -13.103733276041389,
            -13.104898706974383,
            -13.105652293976066,
            -13.105571941348376,
            -13.105370754418912,
            -13.105070405635798,
            -13.105040723421132
        ],
        "iterations": 10
    },
    "scf_eigenvalues_a": {
        "dims": [
            7
        ],
        "size": 7,
        "vals": [
            -15.664002111915316,
            -15.664002081141135,
            -1.4564883240564312,
            -0.7314267051275491,
            -0.6142303906299338,
            -0.61423039062634,
            -0.7314267105193837
        ]
    },
    "time": "2023-04-14 09:08:58",
    "wall_time": 42.70996713638306
}