{
    "calcinfo_nalpha": 5,
    "calcinfo_natom": 3,
    "calcinfo_nbeta": 5,
    "calcinfo_nmo": 10,
    "molecule": {
        "geometry": [
            [
                0.0,
                0.0,
                0.22166487487121275
            ],
            [
                0.0,
                1.4309006256251473,
                -0.886659499484851
            ],
            [
                0.0,
                -1.4309006256251473,
                -0.886659499484851
            ]
        ],
        "symbols": [
            "O",
            "H",
            "H"
        ]
    },
    "parameters": {
        "charge": 0.0,
        "conv_only_dens": false,
        "dconv": 0.0001,
        "derivatives": false,
        "dipole": false,
        "econv": 1e-05,
        "ginitial_hessian": false,
        "gmaxiter": 20,
        "gopt": false,
        "gprec": 0.0001,
        "gtest": false,
        "gtol": 0.0001,
        "gval": 1e-05,
        "k": -1,
        "l": 50.0,
        "lo": 0.00028633,
        "loadbalparts": 2,
        "maxiter": 20,
        "maxrotn": 0.25,
        "maxsub": 10,
        "nalpha": 5,
        "nbeta": 5,
        "nio": 1,
        "nmo_alpha": 5,
        "nmo_beta": 5,
        "no_compute": false,
        "nopen": 0,
        "npt_plot": 101,
        "nv_factor": 1,
        "nvalpha": 0,
        "nvbeta": 0,
        "orbitalshift": 0.0,
        "plot_cell": [],
        "plotcoul": false,
        "plotdens": false,
        "plothi": -1,
        "plotlo": 0,
        "print_level": 3,
        "protocol": [
            0.0001,
            1e-06
        ],
        "psp_calc": false,
        "pure_ae": true,
        "restart": false,
        "restartao": false,
        "save": true,
        "smear": 0.0,
        "spin_restricted": true,
        "vnucextra": 2
    },
    "precision": {
        "dconv": 0.0001,
        "econv": 1e-05,
        "eprec": 1e-06,
        "k": 8,
        "thresh": 1e-06
    },
    "return_energy": -76.06744080738922,
    "scf_e_data": {
        "e_coulomb": [
            49.18747029691511,
            46.10780214886116,
            46.798369245097014,
            46.799064286633154,
            46.74918906930044,
            46.73954297186832,
            46.745119300576604,
            46.74487303930753,
            46.74483072413854,
            46.74381146436773
        ],
        "e_kinetic": [
            77.80983009223375,
            75.30533968697219,
            75.94460747216793,
            76.00780898358155,
            75.98988276251222,
            75.99271411241322,
            75.99857083731025,
            75.99826941897113,
            75.99851834638275,
            75.9966806741965
        ],
        "e_local": [
            0.0,
            0.0,
            0.0,
            0.0,
            0.0,
            0.0,
            0.0,
            0.0,
            0.0,
            0.0
        ],
        "e_nrep": [
            9.189533739208644,
            9.189533739208644,
            9.189533739208644,
            9.189533739208644,
            9.189533739208644,
            9.189533739208644,
            9.189533739208644,
            9.189533739208644,
            9.189533739208644,
            9.189533739208644
        ],
        "e_nuclear": [
            -202.85095908993583,
            -197.81086865010508,
            -199.05692837525515,
            -199.1162118874908,
            -199.05162683161674,
            -199.04374378904643,
            -199.0539916170619,
            -199.05358269505854,
            -199.05358800247797,
            -199.0515341980263
        ],
        "e_pcm": [
            0.0,
            0.0,
            0.0,
            0.0,
            0.0,
            0.0,
            0.0,
            0.0,
            0.0,
            0.0
        ],
        "e_tot": [
            -75.88869829439129,
            -76.04827120068879,
            -76.06375881909325,
            -76.06618517208159,
            -76.06680509508352,
            -76.06698914489542,
            -76.06700240900248,
            -76.06700509924552,
            -76.06679887859796,
            -76.06744080738922
        ],
        "e_xc": [
            -9.22457333281297,
            -8.840078125625705,
            -8.939340900311684,
            -8.946380294014133,
            -8.943783834488089,
            -8.945036179339164,
            -8.946234669036077,
            -8.946098601674297,
            -8.946093685849933,
            -8.945932487135787
        ],
        "iterations": 10
    },
    "scf_eigenvalues_a": {
        "dims": [
            5
        ],
        "size": 5,
        "vals": [
            -20.559499808899577,
            -0.9715513199893075,
            -0.9715510769891276,
            -0.716341571829747,
            -0.5106040074168332
        ]
    },
    "time": "2023-04-12 22:33:24",
    "wall_time": 46.485936880111694
}