{
  "scf_dipole_moment": {
    "dims": [
      3
    ],
    "size": 3,
    "vals": [
      2.727832277548518e-15,
      -2.538025157837846e-15,
      7.754724341514009e-15
    ]
  },
  "scf_energy": -2.861679235081189,
  "scf_k": 8,
  "scf_threshold": 1e-06,
  "time": "2023-04-12 16:57:21",
  "wall_time": 14.803912878036499
}